<?xml version="1.0" encoding="UTF-8"?>
<!DOCTYPE suite SYSTEM "https://testng.org/testng-1.0.dtd">
<suite name="Suite">
 
    <listeners>
		<listener class-name="com.orange.extentreport.ExtentReporter" />
	</listeners>
	
	   
	
  <test name="Test">
    <classes>
      <class name="com.orange.testcases.LoginPageTest"/>
      <class name="com.orange.testcases.HomePageTest"/>
       <class name="com.orange.testcases.AddUserinAdminPageTest"/> 
    
      
    </classes>
  </test> <!-- Test -->
</suite> <!-- Suite -->




